{
    "score": 416,
    "time": 100.46484899520874,
    "datetime": "2022-07-07 03:09:59.992724"
}