{
    "score": 448,
    "time": 83.76079082489014,
    "datetime": "2022-08-29 21:07:56.409724"
}